ALPIER;COMPADRE;APMEAAPPCP001;APMEAAPPCO00100;CyberParley
ALPIER;COMPADRE;APMEAAPPCP001;APMEAAPPCO00100;Ilbanquero
ALPIER;COMPADRE;APMEAAPPCP001;APMEAAPPCO00100;Maticlot
ALPIER;COMPADRE;APMEAAPPCP001;APMEAAPPCO00100;Turco1
ALPIER;COMPADRE;APMEAAPPCP001;APMEAAPPCP00100;Pos1
ALPIER;COMPADRE;APMEAAPPCP001;MAMEAAPPCP00100;Pos2
ALPIER;COMPADRE;APMEAAPPCP001;MMAMEAAPPCP00100;Pos3
ALPIER;ROAN;APMEBAPPRH001;APMEBAPPRY00100;Maticlot
ALPIER;ROAN;APMEBAPPRH001;APMMPY00100;Pos1
ALPIER;ROAN;APMEBAPPRH001;MAMMPY00100;Pos3
ALPIER;ROAN;APMEBAPPRH002;APMEBAPPRY00200;Maticlot
ALPIER;ROAN;APMEBAPPRH002;APMMPY00200;Pos1
ALPIER;ROAN;APMEBAPPRH002;MAMMPY00200;Alien2
ALPIER;ROAN;APMEBAPPRH002;MAMMPY00200;Pos3
ALPIER;ROAN;APMEBAPPRH002;APMEBAPPRH00200;Pos2
ALPIER;ROAN;APMEBAPPRH003;APM0603;Ilbanquero
ALPIER;ROAN;APMEBAPPRH003;APMEBAPPRH00300;CyberParley
ALPIER;ROAN;APMEBAPPRH003;APMEBAPPRH00300;Sport17
ALPIER;ROAN;APMEBAPPRH003;APMEBAPPRY00300;Maticlot
ALPIER;ROAN;APMEBAPPRH003;APMEBAPPRH00300(603);Morpheus
ALPIER;ROAN;APMEBAPPRH003;APMMPY00300;Pos1
ALPIER;ROAN;APMEBAPPRH003;MAMMPY00300;Alien2
ALPIER;ROAN;APMEBAPPRH003;MAMMPY00300;Pos3
ALPIER;ALEXPIER;APMEMMPPAP001;APMEMMPPAP00100;Alien3
ALPIER;ALEXPIER;APMEMMPPAP001;APMEMMPPAP00100;CyberParley
ALPIER;ALEXPIER;APMEMMPPAP001;APMEMMPPAP00100;Maticlot
ALPIER;ALEXPIER;APMEMMPPAP001;APMEMMPPAP00100;Pos1
ALPIER;ALEXPIER;APMEMMPPAP001;APMEMMPPAP00100;Sport17
ALPIER;ALEXPIER;APMEMMPPAP002;APMEMMPPAP00100;Alien3
ALPIER;ALEXPIER;APMEMMPPAP002;APMEMMPPAP00100;CyberParley
ALPIER;ALEXPIER;APMEMMPPAP002;APMEMMPPAP00100;Maticlot
ALPIER;ALEXPIER;APMEMMPPAP002;APMEMMPPAP00100;Pos1
ALPIER;ALEXPIER;APMEMMPPAP002;APMEMMPPAP00100;Sport17
ALPIER;ALEXPIER;APMEMMPPAP001;MAMEMMPPAP00100;Alien1
ALPIER;ALEXPIER;APMEMMPPAP001;MAMEMMPPAP00100;Alien2
ALPIER;ALEXPIER;APMEMMPPAP001;MAMEMMPPAP00100;Pos2
ALPIER;ALEXPIER;APMEMMPPAP001;MMAMEMMPPAP00100;Pos3
ALPIER;ALEXPIER;APMEMMPPAP003;APMEMMPPAP00300;CyberParley
ALPIER;ALEXPIER;APMEMMPPAP003;APMEMMPPAP00300;Maticlot
ALPIER;ALEXPIER;APMEMMPPAP003;APMEMMPPAP00300;Morpheus
ALPIER;ALEXPIER;APMEMMPPAP003;APMEMMPPAP00300;Pos1
ALPIER;ALEXPIER;APMEMMPPAP003;APMEMMPPAP00300;Sport17
ALPIER;ALEXPIER;APMEMMPPAP003;APMEMMPPAP00302;Ilbanquero
ALPIER;ALEXPIER;APMEMMPPAP003;APMEMMPPAP00303;Ilbanquero
ALPIER;ALEXPIER;APMEMMPPAP003;MAMEMMPPAP00300;Alien1
ALPIER;ALEXPIER;APMEMMPPAP003;MAMEMMPPAP00300;Pos2
ALPIER;ALEXPIER;APMEMMPPAP003;MAMEMMPPAP00300;Pos3
ALPIER;ALEXPIER;APMEMMPPAP003;APMEMMPPAP00301;Ilbanquero
ALPIER;ALEXPIER;APMEMMPPAP004;APMEMMPPAP00400;Alien3
ALPIER;ALEXPIER;APMEMMPPAP004;APMEMMPPAP00400;CyberParley
ALPIER;ALEXPIER;APMEMMPPAP004;APMEMMPPAP00400;Maticlot
ALPIER;ALEXPIER;APMEMMPPAP004;APMEMMPPAP00400;Morpheus
ALPIER;ALEXPIER;APMEMMPPAP004;APMEMMPPAP00400;Pos1
ALPIER;ALEXPIER;APMEMMPPAP004;APMEMMPPAP00400;Sport17
ALPIER;ALEXPIER;APMEMMPPAP004;APMEMMPPAP00402;Ilbanquero
ALPIER;ALEXPIER;APMEMMPPAP004;APMEMMPPAP00404;Ilbanquero
ALPIER;ALEXPIER;APMEMMPPAP004;APMEMMPPAP00405;Ilbanquero
ALPIER;ALEXPIER;APMEMMPPAP004;MAMEMMPPAP00400;Alien1
ALPIER;ALEXPIER;APMEMMPPAP004;MAMEMMPPAP00400;Alien2
ALPIER;ALEXPIER;APMEMMPPAP004;MAMEMMPPAP00400;Pos2
ALPIER;ALEXPIER;APMEMMPPAP004;MAMEMMPPAP00400;Pos3
ALPIER;ALEXPIER;APMEMMPPAP004;MAMEMMPPAP00401;Alien1
ALPIER;ALEXPIER;APMEMMPPAP004;MAMEMMPPAP00401;Alien2
ALPIER;ALEXPIER;APMEMMPPAP004;MAMEMMPPAP00401;Pos2
ALPIER;ALEXPIER;APMEMMPPAP004;MAMEMMPPAP00401;Pos3
ALPIER;ALEXPIER;APMEMMPPAP004;MMAMEMMPPAP00400;Pos3
ALPIER;ALEXPIER;APMEMMPPAP005;APMEMMPPAP00500;CyberParley
ALPIER;ALEXPIER;APMEMMPPAP005;APMEMMPPAP00500;Maticlot
ALPIER;ALEXPIER;APMEMMPPAP005;APMEMMPPAP00500;Morpheus
ALPIER;ALEXPIER;APMEMMPPAP005;APMEMMPPAP00500;Pos1
ALPIER;ALEXPIER;APMEMMPPAP005;APMEMMPPAP00500;Sport17
ALPIER;ALEXPIER;APMEMMPPAP005;APMEMMPPAP00501;Pos1
ALPIER;ALEXPIER;APMEMMPPAP005;APMEMMPPAP00502;Ilbanquero
ALPIER;ALEXPIER;APMEMMPPAP005;APMEMMPPAP00503;Ilbanquero
ALPIER;ALEXPIER;APMEMMPPAP005;MAMEMMPPAP00500;Alien1
ALPIER;ALEXPIER;APMEMMPPAP005;MAMEMMPPAP00500;Alien2
ALPIER;ALEXPIER;APMEMMPPAP005;MAMEMMPPAP00500;Pos2
ALPIER;ALEXPIER;APMEMMPPAP005;MAMEMMPPAP00500;Pos3
ALPIER;ALEXPIER;APMEMMPPAP005;MAMEMMPPAP00501;Alien1
ALPIER;ALEXPIER;APMEMMPPAP005;MAMEMMPPAP00501;Pos2
ALPIER;ALEXPIER;APMEMMPPAP005;MAMEMMPPAP00501;Pos3
ALPIER;ALEXPIER;APMEMMPPAP005;MMAMEMMPPAP00500;Pos3
ALPIER;ALEXPIER;APMEMMPPAP005;MMAMEMMPPAP00501;Pos3
ALPIER;0;APMEMMPPCD001;APMEMMPPCD00100;Maticlot
ALPIER;0;APMEMMPPCD001;APMEMMPPCD00100;Pos1
ALPIER;0;APMEMMPPCD001;MAMEMMPPCD00100;Alien1
ALPIER;0;APMEMMPPCD001;MAMEMMPPCD00100;Morpheus
ALPIER;0;APMEMMPPCD001;MAMEMMPPCD00100;Pos2
ALPIER;0;APMEMMPPCD001;MMAMEMMPPCD00100;Alien2
ALPIER;0;APMEMMPPCD002;APMEMMPPCD00200;CyberParley
ALPIER;0;APMEMMPPCD002;APMEMMPPCD00200;Maticlot
ALPIER;0;APMEMMPPCD002;APMEMMPPCD00200;Pos1
ALPIER;0;APMEMMPPCD002;APMEMMPPCD00200;Sport17
ALPIER;0;APMEMMPPCD002;MAMEMMPPCD00200;Pos2
ALPIER;0;APMEMMPPCD002;MMAMEMMPPCD00200;Pos3
ALPIER;0;APMEMMPPCD003;APMEMMPPCD00300;CyberParley
ALPIER;0;APMEMMPPCD003;APMEMMPPCD00300;Maticlot
ALPIER;0;APMEMMPPCD003;APMEMMPPCD00300;Pos1
ALPIER;0;APMEMMPPCD003;APMEMMPPCD00300;Sport17
ALPIER;0;APMEMMPPCD003;MAMEMMPPCD00300;Alien1
ALPIER;0;APMEMMPPCD003;MAMEMMPPCD00300;Morpheus
ALPIER;0;APMEMMPPCD003;MAMEMMPPCD00300;Pos2
ALPIER;0;APMEMMPPCD003;MMAMEMMPPCD00300;Alien2
ALPIER;0;APMEMMPPCD003;MMAMEMMPPCD00300;Pos3
ALPIER;0;APMEMMPPCD004;APMEMMPPCD00400;Maticlot
ALPIER;0;APMEMMPPCD004;APMEMMPPCD00400;Pos1
ALPIER;0;APMEMMPPCD004;APMEMMPPCD00401;Pos1
ALPIER;0;APMEMMPPCD004;MAMEMMPPCD00400;Pos2
ALPIER;0;APMEMMPPCD004;MAMEMMPPCD00401;Pos2
ALPIER;0;APMEMMPPCD004;MMAMEMMPPCD00400;Pos3
ALPIER;0;APMEMMPPCD004;MMAMEMMPPCD00401;Pos3
ALPIER;0;APMEMMPPCD008;APMEMMPPCD00800;CyberParley
ALPIER;0;APMEMMPPCD008;APMEMMPPCD00800;Maticlot
ALPIER;0;APMEMMPPCD008;APMEMMPPCD00800;Sport17
ALPIER;0;APMEMMPPCD008;MAMEMMPPCD00800;Pos2
ALPIER;0;APMEMMPPCD009;APMEMMPPCD00900;CyberParley
ALPIER;0;APMEMMPPCD009;APMEMMPPCD00900;Maticlot
ALPIER;0;APMEMMPPCD009;APMEMMPPCD00900;Pos1
ALPIER;0;APMEMMPPCD009;APMEMMPPCD00900;Sport17
ALPIER;0;APMEMMPPCD009;APMEMMPPCD00900;Turco1
ALPIER;0;APMEMMPPCD009;MAMEMMPPCD00900;Alien1
ALPIER;0;APMEMMPPCD009;MAMEMMPPCD00900;Morpheus
ALPIER;0;APMEMMPPCD009;MAMEMMPPCD00900;Pos2
ALPIER;0;APMEMMPPCD009;MMAMEMMPPCD00900;Alien2
ALPIER;0;APMEMMPPCD009;MMAMEMMPPCD00900;Pos3
ALPIER;0;APMEMMPPCD011;APMEMMPPCD01100;Maticlot
ALPIER;0;APMEMMPPCD011;APMEMMPPCD01100;Pos1
ALPIER;0;APMEMMPPCD011;APMEMMPPCD01100;Sport17
ALPIER;0;APMEMMPPCD011;MAMEMMPPCD01100;Alien1
ALPIER;0;APMEMMPPCD011;MAMEMMPPCD01100;Pos2
ALPIER;0;APMEMMPPCD011;MMAMEMMPPCD01100;Alien2
ALPIER;0;APMEMMPPCD011;MMAMEMMPPCD01100;Pos3
ALPIER;0;APMEMMPPCD012;APMEMMPPCD01200;CyberParley
ALPIER;0;APMEMMPPCD012;APMEMMPPCD01200;Maticlot
ALPIER;0;APMEMMPPCD012;APMEMMPPCD01200;Pos1
ALPIER;0;APMEMMPPCD012;APMEMMPPCD01200;Sport17
ALPIER;0;APMEMMPPCD012;MAMEMMPPCD01200;Alien1
ALPIER;0;APMEMMPPCD012;MAMEMMPPCD01200;Pos2
ALPIER;0;APMEMMPPCD012;MMAMEMMPPCD01200;Pos3
ALPIER;0;APMEMMPPCD014;APMEMMPPCD01400;Maticlot
ALPIER;0;APMEMMPPCD014;APMEMMPPCD01400;Pos1
ALPIER;0;APMEMMPPCD014;MAMEMMPPCD01400;Morpheus
ALPIER;0;APMEMMPPCD014;MAMEMMPPCD01400;Pos2
ALPIER;0;APMEMMPPCD015;APMEMMPPCD01500;CyberParley
ALPIER;0;APMEMMPPCD015;APMEMMPPCD01500;Ilbanquero
ALPIER;0;APMEMMPPCD015;APMEMMPPCD01500;Maticlot
ALPIER;0;APMEMMPPCD015;APMEMMPPCD01500;Pos1
ALPIER;0;APMEMMPPCD015;APMEMMPPCD01500;Sport17
ALPIER;0;APMEMMPPCD015;MAMEMMPPCD01500;Pos2
ALPIER;0;APMEMMPPCD015;MMAMEMMPPCD01500;Alien2
ALPIER;0;APMEMMPPCD015;MMAMEMMPPCD01500;Pos3
ALPIER;0;APMEMMPPCD016;APMEMMPPCD01600;CyberParley
ALPIER;0;APMEMMPPCD016;APMEMMPPCD01600;Maticlot
ALPIER;0;APMEMMPPCD016;APMEMMPPCD01600;Pos1
ALPIER;0;APMEMMPPCD016;APMEMMPPCD01600;Sport17
ALPIER;0;APMEMMPPCD016;MAMEMMPPCD01600;Pos2
ALPIER;0;APMEMMPPCD016;MMAMEMMPPCD01600;Alien2
ALPIER;0;APMEMMPPCD017;APMEMMPPCD01700;Pos1
ALPIER;0;APMEMMPPCD017;MAMEMMPPCD01700;Pos2
ALPIER;0;APMEMMPPCD017;MMAMEMMPPCD01700;Alien2
ALPIER;0;APMEMMPPCD017;MMAMEMMPPCD01700;Pos3
ALPIER;0;APMEMMPPCD018;APMEMMPPCD01800;CyberParley
ALPIER;0;APMEMMPPCD018;APMEMMPPCD01800;Ilbanquero
ALPIER;0;APMEMMPPCD018;APMEMMPPCD01800;Maticlot
ALPIER;0;APMEMMPPCD018;APMEMMPPCD01800;Pos1
ALPIER;0;APMEMMPPCD018;APMEMMPPCD01800;Sport17
ALPIER;0;APMEMMPPCD018;MAMEMMPPCD01800;Pos2
ALPIER;0;APMEMMPPCD018;MMAMEMMPPCD01800;Pos3
ALPIER;0;APMEMMPPCD020;APMEMMPPCD02000;Maticlot
ALPIER;0;APMEMMPPCD020;APMEMMPPCD02000;Pos1
ALPIER;0;APMEMMPPCD020;MAMEMMPPCD02000;Alien1
ALPIER;0;APMEMMPPCD020;MAMEMMPPCD02000;Pos2
ALPIER;0;APMEMMPPCD021;APMEMMPPCD02100;CyberParley
ALPIER;0;APMEMMPPCD021;APMEMMPPCD02100;Maticlot
ALPIER;0;APMEMMPPCD021;APMEMMPPCD02100;Pos1
ALPIER;0;APMEMMPPCD021;APMEMMPPCD02100;Sport17
ALPIER;0;APMEMMPPCD021;MAMEMMPPCD02100;Pos2
ALPIER;0;APMEMMPPCD021;MMAMEMMPPCD02100;Pos3
ALPIER;0;APMEMMPPCD023;APMEMMPPCD02300;CyberParley
ALPIER;0;APMEMMPPCD023;APMEMMPPCD02300;Sport17
ALPIER;0;APMEMMPPCD023;MAMEMMPPCD02300;Pos2
ALPIER;0;APMEMMPPCD024;APMEMMPPCD02400;Maticlot
ALPIER;0;APMEMMPPCD024;APMEMMPPCD02400;Pos1
ALPIER;0;APMEMMPPCD024;MAMEMMPPCD02400;Pos2
ALPIER;0;APMEMMPPCD026;APMEMMPPCD02600;Maticlot
ALPIER;0;APMEMMPPCD026;APMEMMPPCD02600;Sport17
ALPIER;0;APMEMMPPCD027;APMEMMPPCD02700;Alien3
ALPIER;0;APMEMMPPCD027;APMEMMPPCD02700;CyberParley
ALPIER;0;APMEMMPPCD027;APMEMMPPCD02700;Maticlot
ALPIER;0;APMEMMPPCD027;APMEMMPPCD02700;Pos1
ALPIER;0;APMEMMPPCD027;APMEMMPPCD02700;Sport17
ALPIER;0;APMEMMPPCD027;APMEMMPPCD02700;Turco1
ALPIER;0;APMEMMPPCD027;MAMEMMPPCD002700;Alien1
ALPIER;0;APMEMMPPCD027;MAMEMMPPCD02700;Pos2
ALPIER;0;APMEMMPPCD027;APMEMMPPCD02702;Ilbanquero
ALPIER;0;APMEMMPPCD027;MMAMEMMPPCD02700;Alien2
ALPIER;0;APMEMMPPCD027;MMAMEMMPPCD02700;Pos3
ALPIER;0;APMEMMPPCD029;APMEMMPPCD02900;CyberParley
ALPIER;0;APMEMMPPCD029;APMEMMPPCD02900;Maticlot
ALPIER;0;APMEMMPPCD029;APMEMMPPCD02900;Pos1
ALPIER;0;APMEMMPPCD029;APMEMMPPCD02900;Sport17
ALPIER;0;APMEMMPPCD029;MAMEMMPPCD02900;Alien1
ALPIER;0;APMEMMPPCD029;MAMEMMPPCD02900;Pos2
ALPIER;0;APMEMMPPCD029;MMAMEMMPPCD02900;Alien2
ALPIER;0;APMEMMPPCD029;MMAMEMMPPCD02900;Pos3
ALPIER;0;APMEMMPPCD032;APMEMMPPCD03200;CyberParley
ALPIER;0;APMEMMPPCD032;APMEMMPPCD03200;Ilbanquero
ALPIER;0;APMEMMPPCD032;APMEMMPPCD03200;Sport17
ALPIER;0;APMEMMPPCD032;MAMEMMPPCD03200;Alien1
ALPIER;0;APMEMMPPCD032;MAMEMMPPCD03200;Morpheus
ALPIER;0;APMEMMPPCD032;MAMEMMPPCD03200;Pos2
ALPIER;0;APMEMMPPCD032;MMAMEMMPPCD03200;Alien2
ALPIER;0;APMEMMPPCD032;MMAMEMMPPCD03200;Pos3
ALPIER;0;APMEMMPPCD033;APMEMMPPCD03300;Maticlot
ALPIER;0;APMEMMPPCD033;APMEMMPPCD03300;Pos1
ALPIER;0;APMEMMPPCD033;MAMEMMPPCD03300;Alien1
ALPIER;0;APMEMMPPCD033;MAMEMMPPCD03300;Morpheus
ALPIER;0;APMEMMPPCD033;MAMEMMPPCD03300;Pos2
ALPIER;0;APMEMMPPCD040;APM4000;Ilbanquero
ALPIER;0;APMEMMPPCD040;APMEMMPPCD04000;CyberParley
ALPIER;0;APMEMMPPCD040;APMEMMPPCD04000;Maticlot
ALPIER;0;APMEMMPPCD040;APMEMMPPCD04000;Pos1
ALPIER;0;APMEMMPPCD040;APMEMMPPCD04000;Sport17
ALPIER;0;APMEMMPPCD040;MAMEMMPPCD04000;Pos2
ALPIER;0;APMEMMPPCD040;MMAMEMMPPCD04000;Pos3
ALPIER;0;APMEMMPPCD040;APMEMMPPCD04001;Ilbanquero
ALPIER;0;APMEMMPPCD040;APMEMMPPCD04002;Ilbanquero
ALPIER;0;APMEMMPPCD042;APMEMMPPCD04200;Maticlot
ALPIER;0;APMEMMPPCD042;APMEMMPPCD04200;Sport17
ALPIER;0;APMEMMPPCD042;APMEMMPPCD04200;Turco1
ALPIER;0;APMEMMPPCD044;APMEMMPPCD04400;CyberParley
ALPIER;0;APMEMMPPCD044;APMEMMPPCD04400;Maticlot
ALPIER;0;APMEMMPPCD044;APMEMMPPCD04400;Pos1
ALPIER;0;APMEMMPPCD044;APMEMMPPCD04400;Sport17
ALPIER;0;APMEMMPPCD044;APMEMMPPCD04401;Ilbanquero
ALPIER;0;APMEMMPPCD044;MAMEMMPPCD04400;Morpheus
ALPIER;0;APMEMMPPCD044;MAMEMMPPCD04400;Pos2
ALPIER;0;APMEMMPPCD045;APMEMMPPCD04500;CyberParley
ALPIER;0;APMEMMPPCD045;APMEMMPPCD04500;Maticlot
ALPIER;0;APMEMMPPCD045;APMEMMPPCD04500;Sport17
ALPIER;0;APMEMMPPCD045;MMAMEMMPPCD04500;Pos3
ALPIER;0;APMEMMPPCD046;APMEMMPPCD04600;CyberParley
ALPIER;0;APMEMMPPCD046;APMEMMPPCD04600;Sport17
ALPIER;0;APMEMMPPCD046;MAMEMMPPCD04600;Alien1
ALPIER;0;APMEMMPPCD048;APMEMMPPCD04800;CyberParley
ALPIER;0;APMEMMPPCD048;APMEMMPPCD04800;Maticlot
ALPIER;0;APMEMMPPCD048;APMEMMPPCD04800;Pos1
ALPIER;0;APMEMMPPCD048;APMEMMPPCD04800;Sport17
ALPIER;0;APMEMMPPCD048;MAMEMMPPCD04800;Pos2
ALPIER;0;APMEMMPPCD048;MMAMEMMPPCD04800;Pos3
ALPIER;0;APMEMMPPCD050;APMEMMPPCD05000;CyberParley
ALPIER;0;APMEMMPPCD050;APMEMMPPCD05000;Ilbanquero
ALPIER;0;APMEMMPPCD050;APMEMMPPCD05000;Maticlot
ALPIER;0;APMEMMPPCD050;APMEMMPPCD05000;Pos1
ALPIER;0;APMEMMPPCD050;APMEMMPPCD05000;Sport17
ALPIER;0;APMEMMPPCD050;MAMEMMPPCD05000;Alien1
ALPIER;0;APMEMMPPCD050;MAMEMMPPCD05000;Morpheus
ALPIER;0;APMEMMPPCD050;MAMEMMPPCD05000;Pos2
ALPIER;0;APMEMMPPCD051;APMEMMPPCD05100;CyberParley
ALPIER;0;APMEMMPPCD051;APMEMMPPCD05100;Maticlot
ALPIER;0;APMEMMPPCD051;APMEMMPPCD05100;Pos1
ALPIER;0;APMEMMPPCD051;APMEMMPPCD05100;Sport17
ALPIER;0;APMEMMPPCD051;APMEMMPPCD05100;Turco1
ALPIER;0;APMEMMPPCD051;MAMEMMPPCD05100;Alien1
ALPIER;0;APMEMMPPCD051;MAMEMMPPCD05100;Morpheus
ALPIER;0;APMEMMPPCD051;MAMEMMPPCD05100;Pos2
ALPIER;0;APMEMMPPCD051;MMAMEMMPPCD05100;Alien2
ALPIER;0;APMEMMPPCD051;MMAMEMMPPCD05100;Pos3
ALPIER;0;APMEMMPPCD051;APMEMMPPCD05101;Ilbanquero
ALPIER;0;APMEMMPPCD051;APMEMMPPCD05102;Ilbanquero
ALPIER;0;APMEMMPPCD052;APMEMMPPCD05200;Maticlot
ALPIER;0;APMEMMPPCD052;APMEMMPPCD05200;Pos1
ALPIER;0;APMEMMPPCD052;MAMEMMPPCD05200;Alien1
ALPIER;0;APMEMMPPCD052;MAMEMMPPCD05200;Morpheus
ALPIER;0;APMEMMPPCD052;MAMEMMPPCD05200;Pos2
ALPIER;0;APMEMMPPCD053;APMEMMPPCD05300;CyberParley
ALPIER;0;APMEMMPPCD053;APMEMMPPCD05300;Maticlot
ALPIER;0;APMEMMPPCD053;APMEMMPPCD05300;Sport17
ALPIER;0;APMEMMPPCD053;MAMEMMPPCD05300;Morpheus
ALPIER;0;APMEMMPPCD054;APMEMMPPCD05400;CyberParley
ALPIER;0;APMEMMPPCD054;APMEMMPPCD05400;Maticlot
ALPIER;0;APMEMMPPCD054;APMEMMPPCD05400;Pos1
ALPIER;0;APMEMMPPCD054;APMEMMPPCD05400;Sport17
ALPIER;0;APMEMMPPCD055;APMEMMPPCD05500;Alien3
ALPIER;0;APMEMMPPCD055;APMEMMPPCD05500;Maticlot
ALPIER;0;APMEMMPPCD055;APMEMMPPCD05500;Pos1
ALPIER;0;APMEMMPPCD055;MAMEMMPPCD005500;Alien1
ALPIER;0;APMEMMPPCD055;MAMEMMPPCD05500;Morpheus
ALPIER;0;APMEMMPPCD055;MAMEMMPPCD05500;Pos2
ALPIER;0;APMEMMPPCD055;MMAMEMMPPCD05500;Alien2
ALPIER;0;APMEMMPPCD055;MMAMEMMPPCD05500;Pos3
ALPIER;0;APMEMMPPCD056;APMEMMPPCD05600;Maticlot
ALPIER;0;APMEMMPPCD056;APMEMMPPCD05600;Pos1
ALPIER;0;APMEMMPPCD056;MAMEMMPPCD05600;Pos2
ALPIER;0;APMEMMPPCD059;APMEMMPCD05900;Ilbanquero
ALPIER;0;APMEMMPPCD059;APMEMMPPCD05900;CyberParley
ALPIER;0;APMEMMPPCD059;APMEMMPPCD05900;Maticlot
ALPIER;0;APMEMMPPCD059;APMEMMPPCD05900;Pos1
ALPIER;0;APMEMMPPCD059;APMEMMPPCD05900;Turco1
ALPIER;0;APMEMMPPCD059;MAMEMMPPCD05900;Alien1
ALPIER;0;APMEMMPPCD059;MAMEMMPPCD05900;Morpheus
ALPIER;0;APMEMMPPCD059;MAMEMMPPCD05900;Pos2
ALPIER;0;APMEMMPPCD059;MMAMEMMPPCD05900;Pos3
ALPIER;0;APMEMMPPCD060;APMEMMPPCD06000;CyberParley
ALPIER;0;APMEMMPPCD060;APMEMMPPCD06000;Maticlot
ALPIER;0;APMEMMPPCD060;APMEMMPPCD06000;Pos1
ALPIER;0;APMEMMPPCD060;APMEMMPPCD06000;Sport17
ALPIER;0;APMEMMPPCD060;MAMEMMPPCD06000;Morpheus
ALPIER;0;APMEMMPPCD060;MAMEMMPPCD06000;Pos2
ALPIER;0;APMEMMPPCD062;APMEMMPPCD06200;CyberParley
ALPIER;0;APMEMMPPCD062;APMEMMPPCD06200;Ilbanquero
ALPIER;0;APMEMMPPCD062;APMEMMPPCD06200;Maticlot
ALPIER;0;APMEMMPPCD062;APMEMMPPCD06200;Pos1
ALPIER;0;APMEMMPPCD062;APMEMMPPCD06200;Sport17
ALPIER;0;APMEMMPPCD062;APMEMMPPCD06202;Ilbanquero
ALPIER;0;APMEMMPPCD062;MAMEMMPPCD06200;Alien1
ALPIER;0;APMEMMPPCD062;MAMEMMPPCD06200;Morpheus
ALPIER;0;APMEMMPPCD062;MAMEMMPPCD06200;Pos2
ALPIER;0;APMEMMPPCD062;MMAMEMMPPCD06200;Alien2
ALPIER;0;APMEMMPPCD063;APMEMMPPCD06300;CyberParley
ALPIER;0;APMEMMPPCD063;APMEMMPPCD06300;Maticlot
ALPIER;0;APMEMMPPCD063;APMEMMPPCD06300;Pos1
ALPIER;0;APMEMMPPCD063;APMEMMPPCD06300;Sport17
ALPIER;0;APMEMMPPCD063;MAMEMMPPCD06300;Alien1
ALPIER;0;APMEMMPPCD063;MAMEMMPPCD06300;Pos2
ALPIER;0;APMEMMPPCD063;MMAMEMMPPCD06300;Alien2
ALPIER;0;APMEMMPPCD064;APMEMMPPCD06400;Maticlot
ALPIER;0;APMEMMPPCD064;APMEMMPPCD06400;Pos1
ALPIER;0;APMEMMPPCD064;MAMEMMPPCD06400;Alien1
ALPIER;0;APMEMMPPCD064;MAMEMMPPCD06400;Pos2
ALPIER;0;APMEMMPPCD064;MMAMEMMPPCD06400;Pos3
ALPIER;0;APMEMMPPCD065;APMEMMPPCD06500;Maticlot
ALPIER;0;APMEMMPPCD065;MAMEMMPPCD06500;Pos2
ALPIER;0;APMEMMPPCD065;APMEMMPPCD06500;Ilbanquero
ALPIER;0;APMEMMPPCD065;APMEMMPPCD06500;CyberParley
ALPIER;0;APMEMMPPCD065;APMEMMPPCD06500;Sport17
ALPIER;0;APMEMMPPCD065;APMEMMPPCD06501;Ilbanquero
ALPIER;0;APMEMMPPCD065;MMAMEMMPPCD06500;Pos3
ALPIER;0;APMEMMPPCD066;APMEMMPPCD06600;Maticlot
ALPIER;0;APMEMMPPCD066;APMEMMPPCD06600;Pos1
ALPIER;0;APMEMMPPCD066;MAMEMMPPCD06600;Pos2
ALPIER;0;APMEMMPPCD066;MMAMEMMPPCD06600;Pos3
ALPIER;0;APMEMMPPCD068;APMEMMPPCD06800;Maticlot
ALPIER;0;APMEMMPPCD068;APMEMMPPCD06800;Pos1
ALPIER;0;APMEMMPPCD068;APMEMMPPCD06800;Sport17
ALPIER;0;APMEMMPPCD068;MAMEMMPPCD06800;Pos2
ALPIER;0;APMEMMPPCD068;MMAMEMMPPCD06800;Pos3
ALPIER;0;APMEMMPPCD069;APMEMMPPCD06900;CyberParley
ALPIER;0;APMEMMPPCD071;APMEMMPPCD07100;CyberParley
ALPIER;0;APMEMMPPCD071;APMEMMPPCD07100;Maticlot
ALPIER;0;APMEMMPPCD071;APMEMMPPCD07100;Pos1
ALPIER;0;APMEMMPPCD071;APMEMMPPCD07100;Sport17
ALPIER;0;APMEMMPPCD071;MAMEMMPPCD07100;Pos2
ALPIER;0;APMEMMPPCD071;MMAMEMMPPCD07100;Alien2
ALPIER;0;APMEMMPPCD072;APMEMMPPCD07200;CyberParley
ALPIER;0;APMEMMPPCD072;APMEMMPPCD07200;Maticlot
ALPIER;0;APMEMMPPCD072;APMEMMPPCD07200;Pos1
ALPIER;0;APMEMMPPCD072;APMEMMPPCD07200;Sport17
ALPIER;0;APMEMMPPCD072;MAMEMMPPCD07200;Morpheus
ALPIER;0;APMEMMPPCD072;MAMEMMPPCD07200;Pos2
ALPIER;0;APMEMMPPCD072;MMAMEMMPPCD07200;Pos3
ALPIER;0;APMEMMPPCD075;APM7500;Ilbanquero
ALPIER;0;APMEMMPPCD075;APMEMMPPCD07500;CyberParley
ALPIER;0;APMEMMPPCD075;APMEMMPPCD07500;Maticlot
ALPIER;0;APMEMMPPCD075;APMEMMPPCD07500;Pos1
ALPIER;0;APMEMMPPCD075;APMEMMPPCD07500;Sport17
ALPIER;0;APMEMMPPCD075;MAMEMMPPCD07500;Alien1
ALPIER;0;APMEMMPPCD075;MAMEMMPPCD07500;Pos2
ALPIER;0;APMEMMPPCD075;MMAMEMMPPCD07500;Alien2
ALPIER;0;APMEMMPPCD075;MMAMEMMPPCD07500;Pos3
ALPIER;0;APMEMMPPCD076;APMEMMPPCD07600;CyberParley
ALPIER;0;APMEMMPPCD076;APMEMMPPCD07600;Maticlot
ALPIER;0;APMEMMPPCD076;APMEMMPPCD07600;Pos1
ALPIER;0;APMEMMPPCD076;APMEMMPPCD07600;Sport17
ALPIER;0;APMEMMPPCD076;MAMEMMPPCD07600;Alien1
ALPIER;0;APMEMMPPCD076;MAMEMMPPCD07600;Morpheus
ALPIER;0;APMEMMPPCD076;MAMEMMPPCD07600;Pos2
ALPIER;0;APMEMMPPCD076;APMEMMPPCD7600;Ilbanquero
ALPIER;0;APMEMMPPCD076;MMAMEMMPPCD07600;Pos3
ALPIER;0;APMEMMPPCD077;APMEMMPPCD07700;CyberParley
ALPIER;0;APMEMMPPCD079;APMEMMPPCD07900;Maticlot
ALPIER;0;APMEMMPPCD080;APMEMMPPCD08000;Maticlot
ALPIER;0;APMEMMPPCD080;APMEMMPPCD08000;Pos1
ALPIER;0;APMEMMPPCD080;APMEMMPPCD08000;Sport17
ALPIER;0;APMEMMPPCD081;APMEMMPPCD08100;Pos1
ALPIER;0;APMEMMPPCD081;MAMEMMPPCD08100;Pos2
ALPIER;0;APMEMMPPCD087;APMEMMPPCD08700;Maticlot
ALPIER;0;APMEMMPPCD087;APMEMMPPCD08700;Pos1
ALPIER;0;APMEMMPPCD087;APMEMMPPCD08700;Sport17
ALPIER;0;APMEMMPPCD087;MAMEMMPPCD08700;Alien1
ALPIER;0;APMEMMPPCD087;MAMEMMPPCD08700;Morpheus
ALPIER;0;APMEMMPPCD087;MAMEMMPPCD08700;Pos2
ALPIER;0;APMEMMPPCD088;APMEMMPPCD08800;CyberParley
ALPIER;0;APMEMMPPCD088;APMEMMPPCD08800;Ilbanquero
ALPIER;0;APMEMMPPCD088;APMEMMPPCD08800;Maticlot
ALPIER;0;APMEMMPPCD088;APMEMMPPCD08800;Pos1
ALPIER;0;APMEMMPPCD088;APMEMMPPCD08800;Sport17
ALPIER;0;APMEMMPPCD088;APMEMMPPCD08801;Ilbanquero
ALPIER;0;APMEMMPPCD088;MAMEMMPPCD08800;Alien1
ALPIER;0;APMEMMPPCD088;MAMEMMPPCD08800;Pos2
ALPIER;0;APMEMMPPCD089;APMEMMPPCD08900;CyberParley
ALPIER;0;APMEMMPPCD089;APMEMMPPCD08900;Pos1
ALPIER;0;APMEMMPPCD089;APMEMMPPCD08900 D;Maticlot
ALPIER;0;APMEMMPPCD089;MAMEMMPPCD08900;Alien1
ALPIER;0;APMEMMPPCD089;MAMEMMPPCD08900;Morpheus
ALPIER;0;APMEMMPPCD089;MAMEMMPPCD08900;Pos2
ALPIER;0;APMEMMPPCD089;MMMAMEMMPPCD08900;Pos3
ALPIER;CINDY;APMEMMPPCI001;APMEMMPPCI00100;CyberParley
ALPIER;CINDY;APMEMMPPCI001;APMEMMPPCI00100;Maticlot
ALPIER;CINDY;APMEMMPPCI001;APMEMMPPCI00100;Pos1
ALPIER;CINDY;APMEMMPPCI001;APMEMMPPCI00100;Sport17
ALPIER;CINDY;APMEMMPPCI001;APMEMMPPCI00101;Ilbanquero
ALPIER;CINDY;APMEMMPPCI001;MAMEMMPPCI00100;Alien1
ALPIER;CINDY;APMEMMPPCI001;MMAMEMMPPCI00100;Pos3
ALPIER;JOSE LH;APMEMMPPJH004;5;Maticlot
ALPIER;JOSE LH;APMEMMPPJH004;05-SACIEL;Sport17
ALPIER;JOSE LH;APMEMMPPJH002;2;Maticlot
ALPIER;JOSE LH;APMEMMPPJH012;23;Maticlot
ALPIER;JUNIOR;APMEMMPPJR001;APMEMMPPJR00100;Maticlot
ALPIER;JUNIOR;APMEMMPPJR001;APMEMMPPJR00100;Pos1
ALPIER;JUNIOR;APMEMMPPJR001;APMEMMPPJR00100;Sport17
ALPIER;JUNIOR;APMEMMPPJR001;APMEMMPPJR00101;Pos1
ALPIER;JUNIOR;APMEMMPPJR001;MAMEMMPPJR00100;Pos2
ALPIER;JUNIOR;APMEMMPPJR002;MAMEMMPPJR00200;Alien1
ALPIER;JUNIOR;APMEMMPPJR002;MAMEMMPPJR00200;Pos2
ALPIER;JUNIOR;APMEMMPPJR002;MMAMEMMPPJR00200;Pos3
ALPIER;JUNIOR;APMEMMPPJR002;APMEMMPPJR00200;Maticlot
ALPIER;JUNIOR;APMEMMPPJR002;APMEMMPPJR00200;Pos1
ALPIER;JUNIOR;APMEMMPPJR002;APMEMMPPJR00200;Sport17
ALPIER;JUNIOR;APMEMMPPJR002;APMEMMPPJR00200;Turco1
ALPIER;ROSITA;APMEMMPPRO001;APMEMMPPRO00100;CyberParley
ALPIER;ROSITA;APMEMMPPRO001;APMEMMPPRO00100;Maticlot
ALPIER;ROSITA;APMEMMPPRO001;APMEMMPPRO00100;Pos1
ALPIER;ROSITA;APMEMMPPRO001;APMEMMPPRO00100;Sport17
ALPIER;ROSITA;APMEMMPPRO001;APMEMMPPRO00101;Pos1
ALPIER;ROSITA;APMEMMPPRO001;APMEMMPPRO00100(31);Morpheus
ALPIER;ROSITA;APMEMMPPRO002;APMEMMPPRO00200;CyberParley
ALPIER;ROSITA;APMEMMPPRO002;APMEMMPPRO00200;Maticlot
ALPIER;ROSITA;APMEMMPPRO002;APMEMMPPRO00200;Sport17
ALPIER;ROSITA;APMEMMPPRO002;APMMPR00200;Pos1
ALPIER;ROSITA;APMEMMPPRO002;MAMEMMPPRO00200;Pos2
ALPIER;ROSITA;APMEMMPPRO002;MMAMEMMPPRO00200;Alien2
ALPIER;ROSITA;APMEMMPPRO003;APMEMMPPRO00300;CyberParley
ALPIER;ROSITA;APMEMMPPRO003;APMEMMPPRO00300;Maticlot
ALPIER;ROSITA;APMEMMPPRO003;APMEMMPPRO00300;Sport17
ALPIER;ROSITA;APMEMMPPRO003;APMMPR00300;Pos1
ALPIER;ROSITA;APMEMMPPRO003;MAMEMMPPRO00300;Pos2
ALPIER;ROSITA;APMEMMPPRO003;APMEMMPPRO00300(47);Morpheus
ALPIER;ROSITA;APMEMMPPRO004;APMEMMPPRO00400;Maticlot
ALPIER;ROSITA;APMEMMPPRO004;APMEMMPPRO00400;Sport17
ALPIER;ROSITA;APMEMMPPRO005;APMEMMPPRO00500;Maticlot
ALPIER;ROSITA;APMEMMPPRO005;APMEMMPPRO00500;Sport17
ALPIER;ROSITA;APMEMMPPRO005;APMMPR00500;Pos1
ALPIER;ROSITA;APMEMMPPRO005;MAMEMMPPRO00500;Pos2
ALPIER;ROSITA;APMEMMPPRO005;MMAMEMMPPRO00500;Pos3
ALPIER;WILMER;APMEMMPPWL001;APMEMMPPWL00100;Maticlot
ALPIER;WILMER;APMEMMPPWL001;APMEMMPPWL00100;Sport17
ALPIER;WILMER;APMEMMPPWL001;APMEMMPPWL00100;Turco1
ALPIER;WILMER;APMEMMPPWL001;APMEMMPPWL00101;Turco1
ALPIER;WILMER;APMEMMPPWL001;APMMP00700;Pos1
ALPIER;WILMER;APMEMMPPWL001;APMMP00701;Pos1
ALPIER;WILMER;APMEMMPPWL001;MAMEMMPPWL00100;Alien1
ALPIER;WILMER;APMEMMPPWL001;MAMEMMPPWL00101;Alien1
ALPIER;WILMER;APMEMMPPWL001;APMEMMPPWL00100(07);Morpheus
ALPIER;WILMER;APMEMMPPWL001;MAMEMMPPWL00100;Pos2
ALPIER;WILMER;APMEMMPPWL001;MAMEMMPPWL00101;Pos2
ALPIER;0;APMETOPPCD002;APMETOPPCD00200;Sport17
ALPIER;ORLANDO;APMETOPPOR001;APMETOPPOR00100;CyberParley
ALPIER;YINNIS;APMYGIAAYI001;APMYGIAAY00100;Alien1
ALPIER;YINNIS;APMYGIAAYI001;APMYGIAAYI00100;Maticlot
ALPIER;YINNIS;APMYGIAAYI001;APMYGIAAYI00100;Pos1
ALPIER;YINNIS;APMYGIAAYI001;APMYGIAAYI00100;Sport17
ALPIER;YINNIS;APMYGIAAYI001;APMYGIAAYI00100;Turco1
ALPIER;YINNIS;APMYGIAAYI003;APMYGIAAYI00300;Sport17
ALPIER;YINNIS;APMYGIAAYI003;APMYGIAAYI00300;Turco1
ALPIER;LEPE;APPMMMPPLP001;APPMMMPPLP00100;CyberParley
ALPIER;LEPE;APPMMMPPLP001;APPMMMPPLP00100;Ilbanquero
ALPIER;LEPE;APPMMMPPLP001;APPMMMPPLP00100;Maticlot
ALPIER;LEPE;APPMMMPPLP001;APPMMMPPLP00100;Pos1
ALPIER;LEPE;APPMMMPPLP001;APPMMMPPLP00100;Sport17
ALPIER;LEPE;APPMMMPPLP001;APPMMMPPLP00101;Ilbanquero
ALPIER;LEPE;APPMMMPPLP001;APPMMMPPLP00102;Ilbanquero
ALPIER;0;APTALTPPCD002;APTALTPPCD00200;Maticlot
ALPIER;0;APTALTPPCD002;APTALTPPCD00200;Turco1
ALPIER;0;APTALTPPCD002;APTAMMPPCD00200;Pos1
ALPIER;0;APTALTPPCD002;MATALTPPCD00200;Alien1
ALPIER;0;APTALTPPCD002;MATALTPPCD00200;Alien2
ALPIER;0;APTALTPPCD002;MATALTPPCD00200;Morpheus
ALPIER;0;APTALTPPCD002;MATALTPPCD00200;Pos2
ALPIER;EIMAR;APTAMMPPEI002;APTAMMPPEI00200;CyberParley
ALPIER;EIMAR;APTAMMPPEI002;APTAMMPPEI00200;Maticlot
ALPIER;EIMAR;APTAMMPPEI002;APTAMMPPEI00200;Pos1
ALPIER;EIMAR;APTAMMPPEI002;APTAMMPPEI00200;Sport17
ALPIER;EIMAR;APTAMMPPEI003;APTAMMPPEI00300;Maticlot
ALPIER;EIMAR;APTAMMPPEI003;APTAMMPPEI00300;Sport17
ALPIER;MARYORI;APVAMMPPAM001;APVAMMPPAM00100;CyberParley
ALPIER;MARYORI;APVAMMPPAM001;APVAMMPPAM00100;Ilbanquero
ALPIER;MARYORI;APVAMMPPAM001;APVAMMPPAM00100;Maticlot
ALPIER;MARYORI;APVAMMPPAM001;APVAMMPPAM00100;Pos1
ALPIER;MARYORI;APVAMMPPAM001;APVAMMPPAM00100;Sport17
ALPIER;MARYORI;APVAMMPPAM001;MAVAMMPPAM00100;Alien1
ALPIER;MARYORI;APVAMMPPAM001;MAVAMMPPAM00100;Morpheus
ALPIER;MARYORI;APVAMMPPAM001;MAVAMMPPAM00100;Pos2
ALPIER;MARYORI;APVAMMPPAM002;APVAMMPPAM00200;Ilbanquero
ALPIER;MARYORI;APVAMMPPAM002;APVAMMPPAM00200;Maticlot
ALPIER;MARYORI;APVAMMPPAM002;APVAMMPPAM00200;Pos1
ALPIER;MARYORI;APVAMMPPAM002;APVAMMPPAM00200;Sport17
ALPIER;MARYORI;APVAMMPPAM002;MAVAMMPPAM00200;Alien1
ALPIER;MARYORI;APVAMMPPAM002;MAVAMMPPAM00200;Morpheus
ALPIER;MARYORI;APVAMMPPAM002;MAVAMMPPAM00200;Pos2
ALPIER;MARYORI;APVAMMPPAM003;APVAMMPPAM00300;Alien1
ALPIER;MARYORI;APVAMMPPAM003;APVAMMPPAM00300;CyberParley
ALPIER;MARYORI;APVAMMPPAM003;APVAMMPPAM00300;Maticlot
ALPIER;MARYORI;APVAMMPPAM003;APVAMMPPAM00300;Pos1
ALPIER;MARYORI;APVAMMPPAM003;APVAMMPPAM00300;Sport17
ALPIER;MARYORI;APVAMMPPAM003;MAVAMMPPAM00300;Pos2
ALPIER;MARYORI;APVAMMPPAM003;APMEMMPPRO00300(47);Morpheus
ALPIER;MARYORI;APVAMMPPAM003;APVAMMPPAM00301;Ilbanquero
ALPIER;MARYORI;APVAMMPPAM004;APVAMMPPAM00400;Ilbanquero
ALPIER;MARYORI;APVAMMPPAM004;APVAMMPPAM00400;Maticlot
ALPIER;MARYORI;APVAMMPPAM004;APVAMMPPAM00400;Pos1
ALPIER;MARYORI;APVAMMPPAM004;APVAMMPPAM00400;Sport17
ALPIER;MARYORI;APVAMMPPAM004;APVAMMPPAM00401;Ilbanquero
ALPIER;MARYORI;APVAMMPPAM004;MAVAMMPPAM00400;Alien1
ALPIER;MARYORI;APVAMMPPAM004;MAVAMMPPAM00400;Morpheus
ALPIER;MARYORI;APVAMMPPAM004;MAVAMMPPAM00400;Pos2
ALPIER;MARYORI;APVAMMPPAM005;APVAMMPPAM00500;Alien1
ALPIER;MARYORI;APVAMMPPAM005;APVAMMPPAM00500;CyberParley
ALPIER;MARYORI;APVAMMPPAM005;APVAMMPPAM00500;Ilbanquero
ALPIER;MARYORI;APVAMMPPAM005;APVAMMPPAM00500;Maticlot
ALPIER;MARYORI;APVAMMPPAM005;APVAMMPPAM00500;Pos1
ALPIER;MARYORI;APVAMMPPAM005;APVAMMPPAM00500;Sport17
ALPIER;MARYORI;APVAMMPPAM005;MAVAMMPPAM00500;Morpheus
ALPIER;MARYORI;APVAMMPPAM005;MAVAMMPPAM00500;Pos2
ALPIER;ALEXPIER;APVAMMPPAP001;APVAMMPPAP00100;CyberParley
ALPIER;ALEXPIER;APVAMMPPAP001;APVAMMPPAP00100;Maticlot
ALPIER;ALEXPIER;APVAMMPPAP001;APVAMMPPAP00100;Pos1
ALPIER;ALEXPIER;APVAMMPPAP001;APVAMMPPAP00100;Sport17
ALPIER;ALEXPIER;APVAMMPPAP001;APVAMMPPAP00100;Turco1
ALPIER;ALEXPIER;APVAMMPPAP001;MAVAMMPPAP00100;Alien1
ALPIER;ALEXPIER;APVAMMPPAP001;MAVAMMPPAP00100;Pos2
ALPIER;ALEXPIER;APVAMMPPAP002;APVAMMPPAP00200;Alien3
ALPIER;ALEXPIER;APVAMMPPAP002;APVAMMPPAP00200;CyberParley
ALPIER;ALEXPIER;APVAMMPPAP002;APVAMMPPAP00200;Ilbanquero
ALPIER;ALEXPIER;APVAMMPPAP002;APVAMMPPAP00200;Maticlot
ALPIER;ALEXPIER;APVAMMPPAP002;APVAMMPPAP00200;Morpheus
ALPIER;ALEXPIER;APVAMMPPAP002;APVAMMPPAP00200;Pos1
ALPIER;ALEXPIER;APVAMMPPAP002;APVAMMPPAP00200;Sport17
ALPIER;ALEXPIER;APVAMMPPAP002;APVAMMPPAP00200;Turco1
ALPIER;ALEXPIER;APVAMMPPAP002;MAVAMMPPAP00200;Alien1
ALPIER;ALEXPIER;APVAMMPPAP002;MAVAMMPPAP00200;Alien2
ALPIER;ALEXPIER;APVAMMPPAP002;MAVAMMPPAP00200;Pos2
ALPIER;ALEXPIER;APVAMMPPAP003;APVAMMPPAP00300;Alien3
ALPIER;ALEXPIER;APVAMMPPAP003;APVAMMPPAP00300;CyberParley
ALPIER;ALEXPIER;APVAMMPPAP003;APVAMMPPAP00300;Maticlot
ALPIER;ALEXPIER;APVAMMPPAP003;APVAMMPPAP00300;Morpheus
ALPIER;ALEXPIER;APVAMMPPAP003;APVAMMPPAP00300;Pos1
ALPIER;ALEXPIER;APVAMMPPAP003;APVAMMPPAP00300;Sport17
ALPIER;ALEXPIER;APVAMMPPAP003;APVAMMPPAP00300;Turco1
ALPIER;ALEXPIER;APVAMMPPAP003;MAVAMMPPAP00300;Alien1
ALPIER;ALEXPIER;APVAMMPPAP003;MAVAMMPPAP00300;Alien2
ALPIER;ALEXPIER;APVAMMPPAP003;MAVAMMPPAP00300;Pos2
ALPIER;ALEXPIER;APVAMMPPAP003;MAVAMMPPAP00300;Pos3
ALPIER;ALEXPIER;APVAMMPPAP003;MMAVAMMPPAP00300;Pos3
ALPIER;ALEXPIER;APVAMMPPAP004;APVAMMPPAP00400;Alien3
ALPIER;ALEXPIER;APVAMMPPAP004;APVAMMPPAP00400;CyberParley
ALPIER;ALEXPIER;APVAMMPPAP004;APVAMMPPAP00400;Maticlot
ALPIER;ALEXPIER;APVAMMPPAP004;APVAMMPPAP00400;Morpheus
ALPIER;ALEXPIER;APVAMMPPAP004;APVAMMPPAP00400;Pos1
ALPIER;ALEXPIER;APVAMMPPAP004;APVAMMPPAP00400;Sport17
ALPIER;ALEXPIER;APVAMMPPAP004;APVAMMPPAP00400;Turco1
ALPIER;ALEXPIER;APVAMMPPAP004;MAVAMMPPAP00400;Alien1
ALPIER;ALEXPIER;APVAMMPPAP004;MAVAMMPPAP00400;Alien2
ALPIER;ALEXPIER;APVAMMPPAP004;MAVAMMPPAP00400;Pos2
ALPIER;ALEXPIER;APVAMMPPAP005;APVAMMPPAP00500;Alien3
ALPIER;ALEXPIER;APVAMMPPAP005;APVAMMPPAP00500;CyberParley
ALPIER;ALEXPIER;APVAMMPPAP005;APVAMMPPAP00500;Maticlot
ALPIER;ALEXPIER;APVAMMPPAP005;APVAMMPPAP00500;Morpheus
ALPIER;ALEXPIER;APVAMMPPAP005;APVAMMPPAP00500;Pos1
ALPIER;ALEXPIER;APVAMMPPAP005;APVAMMPPAP00500;Sport17
ALPIER;ALEXPIER;APVAMMPPAP005;APVAMMPPAP00500;Turco1
ALPIER;ALEXPIER;APVAMMPPAP005;MAVAMMPPAP00500;Alien1
ALPIER;ALEXPIER;APVAMMPPAP005;MAVAMMPPAP00500;Pos2
ALPIER;MARYORI;APVAMMPPAM003;APVAMMPPAM00300;CyberParley
ALPIER;0;APVAMMPPCD001;APVAMMPPCD00100;CyberParley
ALPIER;0;APVAMMPPCD001;APVAMMPPCD00100;Ilbanquero
ALPIER;0;APVAMMPPCD004;APVAMMPPCD00400;Maticlot
ALPIER;0;APVAMMPPCD004;APVAMMPPCD00400;Pos1
ALPIER;0;APVAMMPPCD004;MAVAMMPPCD00400;Pos2
ALPIER;0;APVAMMPPCD007;APVAMMPPCD00700;CyberParley
ALPIER;0;APVAMMPPCD007;APVAMMPPCD00700;Maticlot
ALPIER;0;APVAMMPPCD007;APVAMMPPCD00700;Sport17
ALPIER;0;APVAMMPPCD007;MAVAMMPPCD00700;Pos2
ALPIER;0;APVAMMPPCD007;MMVAMMPPCD00700;Pos3
ALPIER;0;APVAMMPPCD008;APVAMMPPCD00800;CyberParley
ALPIER;0;APVAMMPPCD008;APVAMMPPCD00800;Maticlot
ALPIER;0;APVAMMPPCD008;APVAMMPPCD00800;Pos1
ALPIER;0;APVAMMPPCD008;APVAMMPPCD00800;Sport17
ALPIER;0;APVAMMPPCD010;APV1000;Ilbanquero
ALPIER;0;APVAMMPPCD010;APVAMMPPCD01000;Maticlot
ALPIER;0;APVAMMPPCD010;APVAMMPPCD01000;Pos1
ALPIER;0;APVAMMPPCD010;MAVAMMPPCD01000;Pos2
ALPIER;0;APVAMMPPCD011;APVAMMPPCD01100;Maticlot
ALPIER;0;APVAMMPPCD011;APVAMMPPCD01100;Pos1
ALPIER;0;APVAMMPPCD011;MAVAMMPPCD01100;Morpheus
ALPIER;0;APVAMMPPCD011;MAVAMMPPCD01100;Pos2
ALPIER;0;APVAMMPPCD011;MMAVAMMPPCD01100;Pos3
ALPIER;0;APVAMMPPCD012;APVAMMPPCD01200;Maticlot
ALPIER;0;APVAMMPPCD012;APVAMMPPCD01200;Sport17
ALPIER;0;APVAMMPPCD012;MAVAMMPPCD001200;Morpheus
ALPIER;0;APVAMMPPCD012;MAVAMMPPCD01200;Alien1
ALPIER;0;APVAMMPPCD013;APV1300;Ilbanquero
ALPIER;0;APVAMMPPCD013;APVAMMPPCD01300;CyberParley
ALPIER;0;APVAMMPPCD013;APVAMMPPCD01300;Maticlot
ALPIER;0;APVAMMPPCD013;APVAMMPPCD01300;Pos1
ALPIER;0;APVAMMPPCD013;APVAMMPPCD01300;Sport17
ALPIER;0;APVAMMPPCD016;APVAMMPPCD01600;Maticlot
ALPIER;0;APVAMMPPCD016;APVAMMPPCD01600;Pos1
ALPIER;0;APVAMMPPCD016;MAVAMMPPCD01600;Alien1
ALPIER;0;APVAMMPPCD016;MAVAMMPPCD01600;Pos2
ALPIER;0;APVAMMPPCD016;MMAVAMMPPCD01600;Alien2
ALPIER;0;APVAMMPPCD016;MMAVAMMPPCD01600;Pos3
ALPIER;0;APVAMMPPCD019;APVAMMPPCD01900;Maticlot
ALPIER;0;APVAMMPPCD019;APVAMMPPCD01900;Pos1
ALPIER;0;APVAMMPPCD023;APVAMMPPCD02300;CyberParley
ALPIER;0;APVAMMPPCD023;APVAMMPPCD02300;Ilbanquero
ALPIER;0;APVAMMPPCD023;APVAMMPPCD02300;Maticlot
ALPIER;0;APVAMMPPCD023;APVAMMPPCD02300;Pos1
ALPIER;0;APVAMMPPCD023;APVAMMPPCD02300;Sport17
ALPIER;0;APVAMMPPCD023;MAVAMMPPCD02300;Pos2
ALPIER;0;APVAMMPPCD023;MMAVAMMPPCD02300;Alien2
ALPIER;0;APVAMMPPCD024;APV2400;Ilbanquero
ALPIER;0;APVAMMPPCD024;APVAMMPPCD02400;Pos1
ALPIER;0;APVAMMPPCD024;MAVAMMPPCD02400;Pos2
ALPIER;0;APVAMMPPCD024;MMAVAMMPPCD02400;Alien2
ALPIER;0;APVAMMPPCD024;MMAVAMMPPCD02400;Pos3
ALPIER;0;APVAMMPPCD031;APV3100;Ilbanquero
ALPIER;0;APVAMMPPCD031;APVAMMPPCD03100;Maticlot
ALPIER;0;APVAMMPPCD031;APVAMMPPCD03100;Pos1
